id,songs
0,Too Good Drake
0,Trust Nobody Selena Gomez Tory Lanez Cashmere Cat
0,Don't Wanna Know Maroon5 Kendrick Lamar
1,Put that on my set asap rocky ft skepta
1,High rhe beach lana del rey
1,New level asap ferg
2,Fireproof Coleman Hell
2,Love on the Brain Rhianna
2,This Girl Kungs vs Cookin' on 3 Burners
3,Eyes Nose Lips TaeYang
3,Me Like Yuh Jay Park
3,Aquaman Jay Park
4,Sugar Wanderlust
4,Blue Jeans Lana Del Ray
4,Mr. Bright side the killers
5,Look on Up Relient K
5,Money and Fame NeedToBreathe
5,Awakening Switchfoot
